Cliente;Avaliacoes;Publicacao;Dispositivomovel;Avaliacao;Comentario;Visita
611larissap;1;9 de setembro de 2021;VERDADEIRO;Natal;Comida bem servida e deliciosa. Cardápio com muitas variedades. Ambiente agradável e atendimento espetacular. Bom preços. E ainda tem translado;setembro de 2021
714brunan;10;13 de novembro de 2021;FALSO;Vale muito a pena;"Simplesmente ótimo! O atendimento era espetacular, o atendente nos mostrou todo o restaurante, explicou sobre o cardápio e fez recomendações, o som ao vivo era de muita qualidade, pedimos uma pizza para duas pessoal (4 pedaços), valor muito em conta, chegou a mesa muito breve, era enorme, do tamanho de uma pizza convencional, massa levinha, com muito recheio, somente com ingredientes de muita qualidade! Se estiverem por Natal, não deixem de conhecer, ficamos encantados com tamanha excelência

Mostrar menos";novembro de 2021
93matheusa;6;31 de dezembro de 2020;VERDADEIRO;Boa comida, atendimento bom, atenção ao preço !;Ambiente agradável, pizza de ótima qualidade, música ao vivo de excelente gosto e atendimento eficaz. Devo dizer que achei o preço salgado, pizzas podem chegar a 80 reais dependendo do valor, mas diria que o preço médio da tamanho grande é por volta dos 60...Mais;janeiro de 2021
A9526BHandreaf;8;Publicada há 2 semanas;VERDADEIRO;Adoramos;Serviço rápido e os rapazes são muito atenciosos. Comida excelente e bem servida. Pedimos um camarão a grega e estava delicioso;janeiro de 2022
alinemariag2021;2;24 de janeiro de 2021;VERDADEIRO;Muito bom;Jantar maravilhoso com música ao vivo, ótimo atendimento e com translados dos hotéis... ótima opção de jantar!;janeiro de 2021
Alvarenga;32;17 de março de 2021;VERDADEIRO;Pizzaria linda e pizza maravilhosa;Super recomendo a pizzaria. Várias opções no cardápio. Opções de sabores bem regionais. Preço justo, pizza muito gostosa, lugar lindo e atendentes super educados.;fevereiro de 2021
AmaralBorgesCarla;7;22 de janeiro de 2021;FALSO;Conhecer Pizzaria;Ouvimos falar muito nessa pizzaria, resolvemos ir conhcer. Atendimento ótimo, vista maravilhosa. Pizza boa. Vale a pena conhecer.;janeiro de 2021
analF68OZ;8;5 de novembro de 2021;VERDADEIRO;Restaurante bar excelente.. mas o motorista do transporte cortesia deles .... mto sem noção;"O restaurante bar mto bom... comida boa música excelente...
Pela segunda vez resolvemos ir ao Paprika e utilizariamos o transporte cortesia deles ... esperamos eu e meu marido na portaria do hotel ... com atraso de meia hora da marcada ... chegou o motorista Naldo..... meu marido já estava estressado com a demora ... entramos no carro e meu marido perguntou pelo outro motorista q havíamos conhecido em outra ocasião... foi a gota d'água... Naldo respondeu ... fulano de tal não é dono do Paprika não... bem agressivo e incomodado...enfim desistimos ali e qdo saimos a porta do carro bateu com força .
Aí ele Naldo sai do carro e começa um bate boca com meu marido ... eu mandava ele ir embora e nada ...ele não ia embora ... e xingamentos ... ou seja ... deveria ter ido embora de imediato...mto desagradável e dispensável uma situação assim ....
Se quiserem ir ao Páprika vao por conta própria";novembro de 2021
aninha_almeidabsb;15;30 de maio de 2021;VERDADEIRO;Comida em boa quantidade;"Pedimos parmegiana que veio em ótima quantidade! O prato é para 2, mas serve de 3 a 4 tranquilamente.
Atendimento dos funcionários muito bom!
O único ponto a desejar foi que precisei pagar uma porção completa de arroz sendo que eu precisava apenas de uma colher de sopa, para minha filha de 1 aninho! Não pedi cortesia, pedi uma porção menor mas não conseguiram nos atender. Com isso infelizmente houve um desperdício de comida.";maio de 2021
Antonio_Milton_Alves;155;29 de junho de 2021;FALSO;Excelente pizzaria e restaurante;O atendimento muito simpatico dos garçons, pizza muito boa, ambiente super agradavel, com parte climatizada, deck e externa, fiquei na externa gostei muito;junho de 2021
Bialeone_;5;19 de dezembro de 2021;VERDADEIRO;Melhor pizzaria de Natal;Uma pizzaria perfeita. Ambiente maravilhoso de frente para o mar, fresco, música ao vivo todos os dias, atendimento impecável do começo ao fim. E ainda possui de forma gratuita transfer do hotel ao restaurante para os turistas. SIMPLESMENTE PERFEITO!;dezembro de 2021
biancaionashiro;5;28 de março de 2021;FALSO;Simplesmente maravilhoso!!!;"Comida excelente, valor justo, ambiente com uma ótima infraestrutura, fresco e arejado, com música boa e ao vivo. O serviço é incrível, tem transfer que leva e trás, sem contar que são bastante ágeis com a locomoção e atendimento.
O garçom Augusto se destacou com o seu atendimento impecável, pois nunca fui tão bem atendida na minha vida!!! Foi tão maravilhosa a minha experiência neste restaurante que voltei e frequentaria mais vezes!!! Parabéns para toda equipe. E destaco novamente o Augusto que foi sensacional e o diferencial.";dezembro de 2020
brunacostaf6;12;Publicada há 4 semanas;FALSO;Atendimento e pizza excelentes!;"Fui por indicação do site e não me decepcionei. Música ao vivo, deixou um ambiente agradável. Pizza maravilhosa!! Indico demais! Uma das melhores de Natal, não deixe de ir! Uma saída sensacional para todos os tipos de ocasião.

Eles também disponibilizam transfer de ida e volta do seu hotel para o restaurantes sem custos.";dezembro de 2021
Caroline M;284;18 de julho de 2021;VERDADEIRO;Boa pizza e ótimo atendimento;Atendimento nota 10. Nosso garçom, Josimar, foi muito simpático e nos explicou tudo com muito carinho e educação. Pizza boa e preço bom . Recomendo;julho de 2021
chiquinhoc270;1;15 de outubro de 2021;FALSO;Aniversário em Natal;Se pudesse eu daria muito mais que apenas 5 estrelas. Meus amigos Wagner e Josimar.. meninos de ouro.;outubro de 2021
ciroc258;2;11 de agosto de 2021;VERDADEIRO;Parada obrigatória! Maravilhoso;Sensacional! Parada obrigatória em Natal. Excelente atendimento, comida maravilhosa. Carbonara estava incrível.;agosto de 2021
cleimarac;11;19 de setembro de 2021;VERDADEIRO;Jantar aniversário;Atendimento impecável de Derik e Hudson. Pizza maravilhosa, música ao vivo muito boa, ambiente agradável, endereço de fácil acesso.;setembro de 2021
D5517WYbeatriza;14;18 de fevereiro de 2021;VERDADEIRO;Menos é mais;Cardápio enxuto, ambiente acolhedor, equipe simpática e disposta, comida simples e muito saborosa. Preços muito justos. Esse é o Paprika, vale cada centavo e minuto ali.;fevereiro de 2021
DanyCambruzzi;24;Publicada há 1 semana;VERDADEIRO;Muito bom;Excelente pizzaria!! Muito boa a pizza (cardápio tem outras opções para quem não quer comer pizza) Local bem aconchegante.... atendimento excelente!!! E tem sistema leva e traz para o hotel!!;janeiro de 2022
DeniseMedeiros;55;3 de janeiro de 2021;FALSO;Excelente restaurante;Restaurante com um menu bem variado de pizzas a pratos e massas mais elaboradas. Atendimento excelente e tem transfer ida e volta para os hotéis. Voltaremos.;dezembro de 2020
diordeoliveira;24;17 de dezembro de 2020;FALSO;Um lugar incrível!!;Atendimento mais que impecável, música excelente, tempo do pedido a entrega da refeição muito pequeno, comida extraordinária e ambiente muito agradável. Um lugar excelente, deixei de conhecer outro lugar pra ir uma segunda vez de tão boa que foi a experiência. Um lugar que sem dúvidas contribuiu para tornar a minha experiência em Natal muito boa.;dezembro de 2020
Edely Z;4;Publicada há 2 semanas;FALSO;Surpreendente;Adorei o ambiente, o atendimento e a comida! Tudo fresquissimo! Não deixem de provar o risoto com frutos do mar! Que delicia!;janeiro de 2022
ElianeC1290;6;16 de dezembro de 2020;FALSO;Visita em dez 2020 com familia.;Fomos muito bem recepcionados, a comida indescritível de tão gostosa kkk Recomendamos , e com certeza numa outra oportunidade voltaríamos .;dezembro de 2020
Eudimeri;1;26 de agosto de 2021;VERDADEIRO;Páprica com dose certa;Excelente atendimento, hoje fui jantar, com música ao vivo, Pablo arrasou, boa comida, rápida e muito atenciosos, fiquei feliz em conhecer esse lugar super recomendo!;agosto de 2021
Fabio J;5;28 de dezembro de 2020;FALSO;Sem dúvidas o melhor restaurante de natal;Fiquei 7 dias em natal e tive o prazer de ir 6 noites e todas foram maravilhosas. Melhor experiência;dezembro de 2020
FatimaCaveghagni;2;23 de maio de 2021;VERDADEIRO;Elogio;Ambiente uma graça, atendimento excelente, pizza delíciosa, música ao vivo tudo de bom, tudo maravilhoso ??????;maio de 2021
Flavianunes9;2;22 de novembro de 2021;VERDADEIRO;Excelente;6 noites, 3 foi no paprika! Super indico! Tdo maravilhoso desse de comida ao atendimento! Antonio, um garçom que além do profissionalismo, foi de uma simpatia e amizade conosco!;novembro de 2021
FranciscoR1364;8;14 de julho de 2021;FALSO;jantar uma pizza com música ao vivo;ambiente limpo e agradáve, pizza saborosaatendimento personalizadonoite agradabilíssima.não gosto do número mínimo de caracteres na.;julho de 2021
Gabriele B;;13 de fevereiro de 2021;FALSO;Comida ótima;Possui uma infinidade de pratos e preços muito justos, comemos risoto de camarão, risoto de carne seca e carne com acompanhamentos. Pratos para 2 pessoas mas bem servido.;fevereiro de 2021
geraldobrandaojr;3;1 de junho de 2021;VERDADEIRO;Melhor pizza!!;Uma das melhores pizzas que já comi na vida. Ambiente agradável e bom atendimento. Música ao vivo. Mesas com distanciamento.;maio de 2021
giovannecf92;14;3 de janeiro de 2021;VERDADEIRO;Réveillon no Páprika;Possamos a noite de réveillon no Páprika e foi, certamente, a melhor coisa que fizemos. Comida deliciosa, atendimento cordial e excelente dos garçons. Música ao vivo perfeita. O ambiente é ótimo, cumpre bem o distanciamento das mesas e é bem aconchegante. Nota 10, parabéns!;janeiro de 2021
iohannaa794;2;16 de outubro de 2021;VERDADEIRO;Amei o restaurante;Gostaria de agradecer ao restaurante. Todos muito gentis, atenciosos, comida uma delícia, chega rápido. Garçons maravilhosos, em especial Gigante e o Wagner. Fomos dois dias seguidos, do tanto que gostamos. Melhor lugar de Natal. Preço justo. Música ao vivo agradável e transporte gratuito. Gerente acessível. Tudo perfeito e eu sou bem chata. Perfeito e sem defeitos;outubro de 2021
Ivan S;4;7 de maio de 2021;FALSO;Excepcional;Fomos 3 vezes ao restaurante em nossa viagem de Lua de Mel...atendimento nota 1000....tanto a massa quanto a pizza saborosas demais...super recomendado...preço justíssimo....até barato pela qualidade que é oferecida....;maio de 2021
JaderCorreaViagens;710;5 de fevereiro de 2021;FALSO;Restaurante espetacular! Ganhou em todos quesitos! Vale a pena demais.;Atendimento, desde a sua chegada até a mesa, é espetacular, ótimo ambiente, muito agradável mesmo, os garçons são muito atenciosos e bem humorados, sempre dispostos a atender bem. A variedade de pratos, é magnífico, e os preços, são fantásticos! Cerveja gelada, uma ótima caipirinha, e um dos melhores risotos que comi na minha vida. Estão de parabéns e irei voltar mais vezes. Quero mesmo! Eu como agente de viagens, irei recomendar também a todos meus clientes.;fevereiro de 2021
jeffersonpivato;50;14 de agosto de 2021;FALSO;Diversificado;Ambiente agradável, aconselho agendar reserva. Possuem translado para o hotel. Restaurante com várias opções desde carnes ate pizzas.;agosto de 2021
jorgefP928KX;5;30 de novembro de 2021;FALSO;O Melhor de Restaurante de Ponta Negra!;Fui no Paprika em 2016 e retornei em Novembro de 2021. O restaurante é maravilhoso! Atendimento Excelente e cardápio com excelentes comidas! RECOMENDO! Se eu voltar para Natal-RN, volta no Paprika sem dúvida!;novembro de 2021
julianoramone;3;7 de setembro de 2021;VERDADEIRO;Atendimento excepcional;"Para quem gosta da cozinha local não se engane com a temática italiana, ambiente descontraído e aconchegante e um atendimento diferenciado, esse é o local!
Em especial queremos parabenizar pelo excelente atendimento de AUGUSTO, onde o mesmo teve a empatia e disposição para explicar cada detalhe do prato solicitado. Por mais seres humanos assim !!";setembro de 2021
Kamillamonteiro;3;18 de maio de 2021;FALSO;Melhor restaurante de Natal!;Restaurante lindo, aconchegante, garçons super atenciosos, cover artístico muito bom! Parabéns a todos, em especial ao garçom Fabrício que nos atendeu, super atencioso!! Todos estão de parabéns pelo trabalho, educação nota 1000! Obrigada por deixar nossa noite mais gostosa! Parabéns ao dono, decoração em toques italianos deslumbrantes!;maio de 2021
kilina934;5;1 de outubro de 2021;FALSO;PIZZA NO PAPRIKA;Sou de São Paulo terra da pizza fui experimentar uma pizza em Natal RN na pizzaria Paprika.O que valeu foi atendimento do Josimar garçon !!Amei o atendimento!! Valeu muito!! A pizza deixou a desejar!! fria e com e pouco recheio massa crua !! Mas a simpatia do garçon me cativou a ficar.!!;outubro de 2021
L1137JWrafaela;1;16 de janeiro de 2021;FALSO;Melhor refeição;Garçom garçom (Daumo)são excelente não há lugar melhor, além que a comida é um espetáculo, vim duas vezes comer a pizza e a picanha;janeiro de 2021
lukazcunha;1;25 de setembro de 2021;VERDADEIRO;Ótima opção de massas em Ponta Negra;A comida estava excelente, e o pedido veio rápido. Achamos o preço muito em conta. O garçom foi muito atencioso e querido. A casa é muito bonita.;setembro de 2021
M5610RTlucianos;1;15 de fevereiro de 2021;FALSO;Excelente;Sou do Rio de Janeiro e gostei muito de conhecer o restaurante.Tudo muito bom. Execelencia no atendimento, comida muito boa, preço bom e serviço de translado no hotel perfeito. Parabéns a toda equipe do Páprika. Recomendo.;fevereiro de 2021
M990NFrodrigom;1;26 de dezembro de 2020;FALSO;Excelente!!!;Restaurante com atendimento e comida excelente, vale a pena conhecer!!! Comida bem preparada e saborosa com preço justo.;dezembro de 2020
marc0sprad0;4;11 de fevereiro de 2021;VERDADEIRO;Tudo começa com a localização,;Tudo começa com a localização, muito fácil de encontrar em Ponta Negra. Fomos bem recebidos é muito bem atendidos por todos. Nosso pedido chegou em menos de 15min e tudo de qualidade. Simplesmente deliciosa! No retorno para o hotel o restaurante disponibilizou o transfer gratuito.;fevereiro de 2021
michels345;2;Publicada há 2 semanas;FALSO;Comida maravilhosa e ambiente ótimo;Comida muito boa , custo benefício maravilhoso em 4 pessoas gastamos R$ 170,00, recomendo muito esse restaurante em Natal;janeiro de 2022
O9492URmichellem;114;Publicada há 2 semanas;FALSO;Ótimo !;O lugar é uma graça , super agradável, com música ao vivo aos sábados. Os garçons são super hiper simpáticos e a pizza é maravilhosa ! Recomendo demais.;janeiro de 2022
patensespelomundo;11;2 de outubro de 2021;VERDADEIRO;Ótimo restaurante e oferece transfer gratuito para clientes;Cardápio diversificado - massas, pizzas, risotos, peixes, frutos do mar, aves… Pratos fartos, o que dizem servir duas, serve três pessoas tranquilamente. Restaurante possui quatro ambientes, música ao vivo e drinks deliciosos. Um grande diferencial deste local é que oferece transfer, ou seja, basta você agendar pelo telefone que lhe buscam no seu hotel sem custos. Recomendamos!;outubro de 2021
Paula S;87;30 de novembro de 2021;FALSO;Excelente escolha;Além da facilidade por ter transfer, o atendimento é óitmo, além da comida que foi muito boa. Ótimo custo benefício.;novembro de 2021
Paulo A;;9 de fevereiro de 2021;FALSO;Surpreendente;Não imaginei comer uma massa tão saborosa em Natal, onde esperávamos nos lambuzar com frutos do mar, encontramos uma pasta de primeira. O serviço de transfer não poderia ser melhor, fomos conduzidos pelo proprietário do restaurante, e olha que estávamos em 6 pessoas sendo 4 crianças. vai valer o repeteco a próxima visita a Natal;outubro de 2020
paulo sergio c;218;30 de agosto de 2021;FALSO;Restauranate de segunda categoria;Estive, no dia 25.08.21 com minha esposa e mais um casal, nesse restaurante, baseado nos comentários favoráveis do trip. Solicitei uma salada e depois um macarrão com polpetas. Após um breve tempo o garçom retornou dizendo que não tinha mais esse prato no novo cardápio. Pedi então um macarrão que, no cardápio, continha tomate, mussarela italiana e manjericão. Veio o prato, comecei a comer e verifiquei que no macarrão só tinha molho de tomate. Nem uma amostra de mussarela e nem de manjerição. Chamei o garçom e mostrei-lhe o prato. Ele apontou um galhinho de salsinha e disse olha aí o manjericão. Disse-lhe que aquilo era salsa que decorava o prato. Ele então respondeu : ¨vou trazer à parte o manjericão¨. Disse-lhe que não precisava., mas mesmo assim trouxe um potinho com manjericão e que ia chamar o gerente. Muito tempo depois veio alguém, que nem perguntou o que aconteceu, apenas pedi a conta e não perdi tempo com quem não merece. Que categoria de restaurante é esse em que o prato vem totalmente incompleto e que vão trazer os ingredientes à parte. A mussarela então nem fizeram referência. Paguei e não comi o prato.;agosto de 2021
priscillac2021;10;1 de janeiro de 2021;VERDADEIRO;Pizza é aqui;Nossaaaaaa que pizza maravilhosa, pedi meia Toscana e a outra Delicada. Massa fina, crocante, no ponto ideal!!!! Me mudei de BH a pouco para Natal, difícil achar um lugar com tamanha qualidade aqui, voltarei mais vezes com certeza!;janeiro de 2021
RoseliDeCamargo;2;1 de outubro de 2021;FALSO;Excelente;"
Comida deliciosa e atendimento VIP .
transporte gratuito do hotel - restaurante - hotel
Ambiente agradável e requintado, música ao vivo de excelente qualidade.
E o melhor de tudo, valor justo e acessível!!!
Nossa família amou, com toda certeza está entre os melhores restaurantes de Natal ??";setembro de 2021
Sergio R;12;13 de outubro de 2021;FALSO;Pizza em Natal/ RN;Casa muito elegante, música ao vivo da melhor qualidade, transporte gratuito basta ligar e o principal a Pizza muito gostosa, leve uma delícia e o atendimento perfeito.;outubro de 2021
tha_zas2021;1;15 de janeiro de 2021;FALSO;Atendimento;Show de bola!!! Primeira vez que visitamos o local e fomos super bem atendidos!! Tivemos a honra de ser atendido pelo Fabrício, garçom super agradável e profissional. Sem falar a delícia de culinária que eles servem, tanto para sal quando doce. Todo cuidado e zelo...Mais;janeiro de 2021
TigoDF;3;7 de agosto de 2021;VERDADEIRO;Ótimo restaurante!;Ótima pizzaria em Natal! Vale a pena conhecer! Ótimo atendimento, qualidade nas pizzas! Além do traslado do hotel até o restaurante, vice versa!;agosto de 2021
ViajanteFeliz29;30;9 de fevereiro de 2021;FALSO;Pizza MARAVILHOSA;Único restaurante que repetimos no período que estávamos em Natal. No 1º dia jantamos e a comida é deliciosa. No 2º dia fomos comer pizza e ficamos surpreendidos com o sabor e a qualidade. Vale ressaltar o serviço... Funcionários muito simpáticos, serviço rápido.;fevereiro de 2021
W6742UVcarlosl;1;1 de novembro de 2021;FALSO;Forno a lenha!!;Faz toda diferença na pizza, massa fina, bem recheada, com certeza eu vou voltar para comer novamente, atendimento muito bom, ambiente muito agradavel.;outubro de 2021
Wap1998;1;21 de setembro de 2021;FALSO;Ótimo atendimento e comida maravilhosa;Atendimento dos garçons é realmente excelente, foi explicado todos os pratos e ainda nos fez indicações que foram certeiras, a comida é maravilhosa, cada prato melhor que o outro, parabéns, uns dos melhores atendimentos que já tive.;setembro de 2021
Yuri C;2;23 de agosto de 2021;FALSO;Pizza maravilhosa e ambiente acolhedor;O lugar é lindo com preço justo e comida saborosa. Mesmo com a casa cheia o pedido chegou rápido sem perder a qualidade. Garçons simpáticos com atendimento humanizado m. Certamente irei voltar :);agosto de 2021
zehenriquecl2020;1;1 de novembro de 2021;FALSO;Excelente restaurante italiano em ponta negra!;Ótimo espaço para família e um cardápio recheado de opções diferentes e deliciosas. Recomendadíssimo e espero voltar!;outubro de 2021
